Casa,Compra,Venta,Fecha
Kambista,3.458,3.495,2025-10-02 20:54:27
Rextie,3.4615,3.4945,2025-10-02 20:54:27
Cambio Seguro,3.458,3.492,2025-10-02 20:54:28
Cambia FX,3.46,3.49,2025-10-02 20:54:28
Cambio Digital,3.465,3.48,2025-10-02 20:54:29
Kambista,3.458,3.495,2025-10-02 21:19:41
Rextie,3.4615,3.4945,2025-10-02 21:19:42
Cambio Seguro,3.458,3.492,2025-10-02 21:19:42
Cambia FX,3.46,3.49,2025-10-02 21:19:43
Cambio Digital,3.465,3.48,2025-10-02 21:19:44
Kambista,3.458,3.495,2025-10-02 21:44:11
Rextie,3.4615,3.4945,2025-10-02 21:44:11
Cambio Seguro,3.458,3.492,2025-10-02 21:44:12
Cambia FX,3.46,3.49,2025-10-02 21:44:13
Cambio Digital,3.465,3.48,2025-10-02 21:44:14
Kambista,3.458,3.495,2025-10-03 05:44:11
Rextie,3.4615,3.4945,2025-10-03 05:44:11
Cambio Seguro,3.458,3.492,2025-10-03 05:44:12
Cambia FX,3.46,3.49,2025-10-03 05:44:13
Cambio Digital,3.465,3.48,2025-10-03 05:44:14
Kambista,3.459,3.484,2025-10-03 09:53:42
Rextie,3.446,3.491,2025-10-03 09:53:43
Cambio Seguro,3.46,3.483,2025-10-03 09:53:44
Cambia FX,3.463,3.481,2025-10-03 09:53:44
Cambio Digital,3.464,3.475,2025-10-03 09:53:45
Kambista,3.455,3.479,2025-10-03 10:22:52
Rextie,3.451,3.481,2025-10-03 10:22:52
Cambio Seguro,3.457,3.479,2025-10-03 10:22:53
Cambia FX,3.459,3.477,2025-10-03 10:22:54
Cambio Digital,3.462,3.469,2025-10-03 10:22:55
Kambista,3.45,3.475,2025-10-03 10:44:11
Rextie,3.4475,3.4775,2025-10-03 10:44:11
Cambio Seguro,3.453,3.477,2025-10-03 10:44:12
Cambia FX,3.454,3.472,2025-10-03 10:44:13
Cambio Digital,3.458,3.466,2025-10-03 10:44:13
Kambista,3.453,3.477,2025-10-03 11:44:11
Rextie,3.45,3.48,2025-10-03 11:44:11
Cambio Seguro,3.453,3.474,2025-10-03 11:44:12
Cambia FX,3.456,3.474,2025-10-03 11:44:13
Cambio Digital,3.46,3.469,2025-10-03 11:44:14
Kambista,3.45,3.474,2025-10-03 12:44:11
Rextie,3.448,3.476,2025-10-03 12:44:11
Cambio Seguro,3.451,3.474,2025-10-03 12:44:12
Cambia FX,3.453,3.471,2025-10-03 12:44:13
Cambio Digital,3.458,3.467,2025-10-03 12:44:13
Kambista,3.444,3.476,2025-10-03 13:44:11
Rextie,3.448,3.48,2025-10-03 13:44:11
Cambio Seguro,3.451,3.476,2025-10-03 13:44:12
Cambia FX,3.451,3.471,2025-10-03 13:44:13
Cambio Digital,3.458,3.465,2025-10-03 13:44:14
Kambista,3.444,3.476,2025-10-03 14:44:11
Rextie,3.442,3.475,2025-10-03 14:44:11
Cambio Seguro,3.455,3.475,2025-10-03 14:44:12
Cambia FX,3.451,3.471,2025-10-03 14:44:13
Cambio Digital,3.46,3.468,2025-10-03 14:44:14
Kambista,3.444,3.474,2025-10-03 15:44:12
Rextie,3.459,3.51,2025-10-03 15:44:13
Cambio Seguro,3.45,3.474,2025-10-03 15:44:13
Cambia FX,3.451,3.471,2025-10-03 15:44:14
Cambio Digital,3.458,3.465,2025-10-03 15:44:15
Kambista,3.448,3.478,2025-10-03 16:44:11
Rextie,3.446,3.476,2025-10-03 16:44:11
Cambio Seguro,3.447,3.472,2025-10-03 16:44:12
Cambia FX,3.451,3.471,2025-10-03 16:44:13
Cambio Digital,3.456,3.463,2025-10-03 16:44:13
Kambista,3.447,3.479,2025-10-03 17:44:11
Rextie,3.4445,3.4775,2025-10-03 17:44:11
Cambio Seguro,3.447,3.472,2025-10-03 17:44:12
Cambia FX,3.451,3.471,2025-10-03 17:44:12
Cambio Digital,3.454,3.461,2025-10-03 17:44:13
Kambista,3.445,3.48,2025-10-03 20:44:11
Rextie,3.4445,3.4775,2025-10-03 20:44:11
Cambio Seguro,3.44,3.476,2025-10-03 20:44:12
Cambia FX,3.446,3.476,2025-10-03 20:44:12
Cambio Digital,3.454,3.463,2025-10-03 20:44:14
Kambista,3.445,3.48,2025-10-03 21:44:11
Rextie,3.4445,3.4775,2025-10-03 21:44:12
Cambio Seguro,3.44,3.476,2025-10-03 21:44:12
Cambia FX,3.446,3.476,2025-10-03 21:44:13
Cambio Digital,3.454,3.463,2025-10-03 21:44:14
Kambista,3.445,3.48,2025-10-03 22:44:11
Rextie,3.4445,3.4775,2025-10-03 22:44:11
Cambio Seguro,3.44,3.476,2025-10-03 22:44:12
Cambia FX,3.446,3.476,2025-10-03 22:44:13
Cambio Digital,3.454,3.463,2025-10-03 22:44:14
Kambista,3.445,3.48,2025-10-03 23:44:13
Rextie,3.4445,3.4775,2025-10-03 23:44:14
Cambio Seguro,3.44,3.476,2025-10-03 23:44:15
Cambia FX,3.446,3.476,2025-10-03 23:44:15
Cambio Digital,3.454,3.463,2025-10-03 23:44:17
Kambista,,,2025-10-04 08:43:28
Rextie,,,2025-10-04 08:43:28
Cambio Seguro,,,2025-10-04 08:43:28
Cambia FX,,,2025-10-04 08:43:28
Cambio Digital,,,2025-10-04 08:43:28
Kambista,3.445,3.48,2025-10-04 08:44:11
Rextie,3.4445,3.4775,2025-10-04 08:44:12
Cambio Seguro,3.44,3.476,2025-10-04 08:44:13
Cambia FX,3.446,3.476,2025-10-04 08:44:13
Cambio Digital,3.454,3.463,2025-10-04 08:44:14
Kambista,,,2025-10-04 10:33:47
Rextie,,,2025-10-04 10:33:47
Cambio Seguro,,,2025-10-04 10:33:47
Cambia FX,,,2025-10-04 10:33:47
Cambio Digital,,,2025-10-04 10:33:47
Kambista,3.449,3.477,2025-10-04 10:44:11
Rextie,3.449,3.478,2025-10-04 10:44:12
Cambio Seguro,3.456,3.476,2025-10-04 10:44:13
Cambia FX,3.446,3.476,2025-10-04 10:44:13
Cambio Digital,3.456,3.464,2025-10-04 10:44:14
Kambista,3.45,3.477,2025-10-04 11:44:11
Rextie,3.449,3.478,2025-10-04 11:44:12
Cambio Seguro,3.456,3.476,2025-10-04 11:44:13
Cambia FX,3.446,3.476,2025-10-04 11:44:13
Cambio Digital,3.456,3.464,2025-10-04 11:44:14
Kambista,3.449,3.477,2025-10-04 12:44:11
Rextie,3.44,3.473,2025-10-04 12:44:12
Cambio Seguro,3.456,3.476,2025-10-04 12:44:13
Cambia FX,3.446,3.476,2025-10-04 12:44:13
Cambio Digital,3.456,3.464,2025-10-04 12:44:14
Kambista,,,2025-10-04 13:55:08
Rextie,,,2025-10-04 13:55:08
Cambio Seguro,,,2025-10-04 13:55:08
Cambia FX,,,2025-10-04 13:55:08
Cambio Digital,,,2025-10-04 13:55:08
Kambista,,,2025-10-04 14:52:26
Rextie,,,2025-10-04 14:52:26
Cambio Seguro,,,2025-10-04 14:52:26
Cambia FX,,,2025-10-04 14:52:26
Cambio Digital,,,2025-10-04 14:52:26
Kambista,3.443,3.479,2025-10-04 15:44:11
Rextie,3.439,3.474,2025-10-04 15:44:12
Cambio Seguro,3.458,3.474,2025-10-04 15:44:13
Cambia FX,3.446,3.476,2025-10-04 15:44:13
Cambio Digital,3.453,3.467,2025-10-04 15:44:14
Kambista,3.443,3.479,2025-10-04 16:44:13
Rextie,3.439,3.474,2025-10-04 16:44:14
Cambio Seguro,3.458,3.474,2025-10-04 16:44:14
Cambia FX,3.446,3.476,2025-10-04 16:44:15
Cambio Digital,3.453,3.467,2025-10-04 16:44:16
Kambista,3.443,3.479,2025-10-04 17:44:11
Rextie,3.438,3.475,2025-10-04 17:44:12
Cambio Seguro,3.458,3.474,2025-10-04 17:44:13
Cambia FX,3.446,3.476,2025-10-04 17:44:13
Cambio Digital,3.453,3.467,2025-10-04 17:44:14
Kambista,3.443,3.479,2025-10-04 18:44:11
Rextie,3.438,3.475,2025-10-04 18:44:12
Cambio Seguro,3.458,3.474,2025-10-04 18:44:13
Cambia FX,3.446,3.476,2025-10-04 18:44:13
Cambio Digital,3.453,3.467,2025-10-04 18:44:14
Kambista,3.443,3.479,2025-10-04 20:44:12
Rextie,3.438,3.475,2025-10-04 20:44:12
Cambio Seguro,3.458,3.474,2025-10-04 20:44:13
Cambia FX,3.446,3.476,2025-10-04 20:44:14
Cambio Digital,3.453,3.467,2025-10-04 20:44:15
Kambista,3.443,3.479,2025-10-04 21:44:12
Rextie,3.438,3.475,2025-10-04 21:44:12
Cambio Seguro,3.458,3.474,2025-10-04 21:44:13
Cambia FX,3.446,3.476,2025-10-04 21:44:14
Cambio Digital,3.453,3.467,2025-10-04 21:44:14
Kambista,3.443,3.479,2025-10-04 22:44:11
Rextie,3.438,3.475,2025-10-04 22:44:12
Cambio Seguro,3.458,3.474,2025-10-04 22:44:13
Cambia FX,3.446,3.476,2025-10-04 22:44:13
Cambio Digital,3.453,3.467,2025-10-04 22:44:14
Kambista,3.443,3.479,2025-10-04 23:44:11
Rextie,3.438,3.475,2025-10-04 23:44:12
Cambio Seguro,3.458,3.474,2025-10-04 23:44:13
Cambia FX,3.446,3.476,2025-10-04 23:44:13
Cambio Digital,3.453,3.467,2025-10-04 23:44:14
Kambista,,,2025-10-05 11:53:42
Rextie,,,2025-10-05 11:53:42
Cambio Seguro,,,2025-10-05 11:53:42
Cambia FX,,,2025-10-05 11:53:42
Cambio Digital,,,2025-10-05 11:53:42
Kambista,,,2025-10-05 12:52:28
Rextie,,,2025-10-05 12:52:28
Cambio Seguro,,,2025-10-05 12:52:28
Cambia FX,,,2025-10-05 12:52:28
Cambio Digital,,,2025-10-05 12:52:28
Kambista,,,2025-10-05 14:59:56
Rextie,,,2025-10-05 14:59:56
Cambio Seguro,,,2025-10-05 14:59:56
Cambia FX,,,2025-10-05 14:59:56
Cambio Digital,,,2025-10-05 14:59:56
Kambista,3.443,3.479,2025-10-05 15:44:11
Rextie,3.439,3.474,2025-10-05 15:44:12
Cambio Seguro,3.458,3.474,2025-10-05 15:44:13
Cambia FX,3.446,3.476,2025-10-05 15:44:13
Cambio Digital,3.453,3.467,2025-10-05 15:44:14
Kambista,,,2025-10-05 19:43:17
Rextie,,,2025-10-05 19:43:17
Cambio Seguro,,,2025-10-05 19:43:17
Cambia FX,,,2025-10-05 19:43:17
Cambio Digital,,,2025-10-05 19:43:17
Kambista,3.443,3.479,2025-10-05 19:44:13
Rextie,3.438,3.475,2025-10-05 19:44:15
Cambio Seguro,3.458,3.474,2025-10-05 19:44:15
Cambia FX,3.446,3.476,2025-10-05 19:44:16
Cambio Digital,3.45,3.468,2025-10-05 19:44:17
Kambista,3.443,3.479,2025-10-05 20:44:11
Rextie,3.438,3.475,2025-10-05 20:44:12
Cambio Seguro,3.458,3.474,2025-10-05 20:44:13
Cambia FX,3.446,3.476,2025-10-05 20:44:13
Cambio Digital,3.45,3.468,2025-10-05 20:44:14
Kambista,,,2025-10-05 22:47:29
Rextie,,,2025-10-05 22:47:29
Cambio Seguro,,,2025-10-05 22:47:29
Cambia FX,,,2025-10-05 22:47:29
Cambio Digital,,,2025-10-05 22:47:29
Kambista,,,2025-10-06 06:15:52
Rextie,,,2025-10-06 06:15:52
Cambio Seguro,,,2025-10-06 06:15:52
Cambia FX,,,2025-10-06 06:15:52
Cambio Digital,,,2025-10-06 06:15:52
Kambista,3.443,3.479,2025-10-06 06:44:12
Rextie,3.438,3.475,2025-10-06 06:44:12
Cambio Seguro,3.458,3.474,2025-10-06 06:44:13
Cambia FX,3.446,3.476,2025-10-06 06:44:13
Cambio Digital,3.45,3.468,2025-10-06 06:44:15
Kambista,3.443,3.479,2025-10-06 07:44:11
Rextie,3.438,3.475,2025-10-06 07:44:12
Cambio Seguro,3.458,3.474,2025-10-06 07:44:13
Cambia FX,3.446,3.476,2025-10-06 07:44:13
Cambio Digital,3.45,3.468,2025-10-06 07:44:14
Kambista,3.443,3.479,2025-10-06 08:44:12
Rextie,3.4405,3.5035,2025-10-06 08:44:12
Cambio Seguro,3.44,3.48,2025-10-06 08:44:13
Cambia FX,3.446,3.476,2025-10-06 08:44:13
Cambio Digital,3.45,3.472,2025-10-06 08:44:14
Kambista,3.442,3.468,2025-10-06 09:44:12
Rextie,3.44,3.475,2025-10-06 09:44:12
Cambio Seguro,3.443,3.467,2025-10-06 09:44:13
Cambia FX,3.445,3.465,2025-10-06 09:44:13
Cambio Digital,3.448,3.461,2025-10-06 09:44:14
Kambista,,,2025-10-06 10:49:44
Rextie,,,2025-10-06 10:49:44
Cambio Seguro,,,2025-10-06 10:49:44
Cambia FX,,,2025-10-06 10:49:44
Cambio Digital,,,2025-10-06 10:49:44
Kambista,3.447,3.471,2025-10-06 11:44:12
Rextie,3.4445,3.4735,2025-10-06 11:44:12
Cambio Seguro,3.448,3.469,2025-10-06 11:44:13
Cambia FX,3.45,3.468,2025-10-06 11:44:13
Cambio Digital,3.453,3.461,2025-10-06 11:44:14
Kambista,3.453,3.477,2025-10-06 12:44:12
Rextie,3.4505,3.4795,2025-10-06 12:44:12
Cambio Seguro,3.454,3.475,2025-10-06 12:44:13
Cambia FX,3.456,3.474,2025-10-06 12:44:13
Cambio Digital,3.461,3.468,2025-10-06 12:44:14
Kambista,3.448,3.476,2025-10-06 13:44:12
Rextie,3.445,3.475,2025-10-06 13:44:12
Cambio Seguro,3.448,3.47,2025-10-06 13:44:13
Cambia FX,3.451,3.469,2025-10-06 13:44:13
Cambio Digital,3.454,3.468,2025-10-06 13:44:14
Kambista,3.444,3.476,2025-10-06 17:10:28
Rextie,,,2025-10-06 17:10:28
Cambio Seguro,,,2025-10-06 17:10:28
Cambia FX,,,2025-10-06 17:10:28
Cambio Digital,,,2025-10-06 17:10:28
Kambista,3.443,3.477,2025-10-06 17:44:13
Rextie,3.445,3.475,2025-10-06 17:44:14
Cambio Seguro,3.445,3.469,2025-10-06 17:44:15
Cambia FX,3.448,3.468,2025-10-06 17:44:15
Cambio Digital,3.453,3.463,2025-10-06 17:44:16
Kambista,3.443,3.477,2025-10-06 18:44:12
Rextie,3.4435,3.4765,2025-10-06 18:44:12
Cambio Seguro,3.447,3.47,2025-10-06 18:44:13
Cambia FX,3.448,3.468,2025-10-06 18:44:13
Cambio Digital,3.453,3.465,2025-10-06 18:44:14
Kambista,3.441,3.479,2025-10-06 19:44:11
Rextie,3.4435,3.4765,2025-10-06 19:44:12
Cambio Seguro,3.447,3.47,2025-10-06 19:44:13
Cambia FX,3.444,3.474,2025-10-06 19:44:14
Cambio Digital,3.453,3.465,2025-10-06 19:44:15
Kambista,3.441,3.479,2025-10-06 20:44:11
Rextie,3.4435,3.4765,2025-10-06 20:44:12
Cambio Seguro,3.447,3.47,2025-10-06 20:44:12
Cambia FX,3.444,3.474,2025-10-06 20:44:13
Cambio Digital,3.453,3.465,2025-10-06 20:44:14
Kambista,3.441,3.479,2025-10-06 21:44:12
Rextie,3.4435,3.4765,2025-10-06 21:44:12
Cambio Seguro,3.447,3.47,2025-10-06 21:44:13
Cambia FX,3.444,3.474,2025-10-06 21:44:14
Cambio Digital,3.453,3.465,2025-10-06 21:44:15
Kambista,,,2025-10-07 08:56:47
Rextie,,,2025-10-07 08:56:47
Cambio Seguro,,,2025-10-07 08:56:47
Cambia FX,,,2025-10-07 08:56:47
Cambio Digital,,,2025-10-07 08:56:47
Kambista,3.442,3.466,2025-10-07 09:44:12
Rextie,3.435,3.473,2025-10-07 09:44:12
Cambio Seguro,3.441,3.468,2025-10-07 09:44:13
Cambia FX,3.447,3.465,2025-10-07 09:44:13
Cambio Digital,3.447,3.459,2025-10-07 09:44:14
Kambista,3.434,3.458,2025-10-07 10:44:12
Rextie,3.432,3.46,2025-10-07 10:44:12
Cambio Seguro,3.431,3.459,2025-10-07 10:44:13
Cambia FX,3.436,3.456,2025-10-07 10:44:13
Cambio Digital,3.44,3.449,2025-10-07 10:44:14
Kambista,3.435,3.459,2025-10-07 11:44:11
Rextie,3.433,3.461,2025-10-07 11:44:13
Cambio Seguro,3.433,3.462,2025-10-07 11:44:14
Cambia FX,3.438,3.458,2025-10-07 11:44:15
Cambio Digital,3.442,3.451,2025-10-07 11:44:16
Kambista,3.432,3.457,2025-10-07 12:44:11
Rextie,3.4305,3.4635,2025-10-07 12:44:12
Cambio Seguro,3.427,3.455,2025-10-07 12:44:13
Cambia FX,3.433,3.453,2025-10-07 12:44:13
Cambio Digital,3.443,3.45,2025-10-07 12:44:15
Kambista,3.433,3.46,2025-10-07 13:44:12
Rextie,3.432,3.467,2025-10-07 13:44:13
Cambio Seguro,3.43,3.457,2025-10-07 13:44:14
Cambia FX,3.433,3.453,2025-10-07 13:44:14
Cambio Digital,3.442,3.449,2025-10-07 13:44:15
Kambista,3.431,3.46,2025-10-07 14:44:12
Rextie,3.432,3.467,2025-10-07 14:44:13
Cambio Seguro,3.43,3.454,2025-10-07 14:44:13
Cambia FX,3.435,3.455,2025-10-07 14:44:14
Cambio Digital,3.443,3.45,2025-10-07 14:44:15
Kambista,3.431,3.463,2025-10-07 15:44:14
Rextie,3.432,3.467,2025-10-07 15:44:15
Cambio Seguro,3.437,3.462,2025-10-07 15:44:15
Cambia FX,3.435,3.455,2025-10-07 15:44:16
Cambio Digital,3.44,3.447,2025-10-07 15:44:17
Kambista,,,2025-10-07 16:49:33
Rextie,,,2025-10-07 16:49:33
Cambio Seguro,,,2025-10-07 16:49:33
Cambia FX,,,2025-10-07 16:49:33
Cambio Digital,,,2025-10-07 16:49:33
Kambista,3.43,3.464,2025-10-07 17:44:12
Rextie,3.4305,3.4685,2025-10-07 17:44:13
Cambio Seguro,3.437,3.462,2025-10-07 17:44:13
Cambia FX,3.435,3.458,2025-10-07 17:44:14
Cambio Digital,3.437,3.447,2025-10-07 17:44:15
Kambista,3.43,3.464,2025-10-07 18:44:14
Rextie,3.4305,3.4685,2025-10-07 18:44:15
Cambio Seguro,3.437,3.462,2025-10-07 18:44:15
Cambia FX,3.435,3.458,2025-10-07 18:44:16
Cambio Digital,3.436,3.45,2025-10-07 18:44:17
Kambista,,,2025-10-07 20:17:22
Rextie,,,2025-10-07 20:17:22
Cambio Seguro,,,2025-10-07 20:17:22
Cambia FX,,,2025-10-07 20:17:22
Cambio Digital,,,2025-10-07 20:17:22
Kambista,3.425,3.466,2025-10-07 20:44:12
Rextie,3.4305,3.4685,2025-10-07 20:44:12
Cambio Seguro,3.437,3.462,2025-10-07 20:44:13
Cambia FX,3.43,3.461,2025-10-07 20:44:13
Cambio Digital,3.436,3.45,2025-10-07 20:44:14
Kambista,3.425,3.466,2025-10-07 21:44:12
Rextie,3.4305,3.4685,2025-10-07 21:44:13
Cambio Seguro,3.437,3.462,2025-10-07 21:44:14
Cambia FX,3.43,3.461,2025-10-07 21:44:14
Cambio Digital,3.436,3.45,2025-10-07 21:44:15
Kambista,,,2025-10-08 08:58:08
Rextie,,,2025-10-08 08:58:08
Cambio Seguro,,,2025-10-08 08:58:08
Cambia FX,,,2025-10-08 08:58:08
Cambio Digital,,,2025-10-08 08:58:08
Kambista,,,2025-10-08 10:32:09
Rextie,,,2025-10-08 10:32:09
Cambio Seguro,,,2025-10-08 10:32:09
Cambia FX,,,2025-10-08 10:32:09
Cambio Digital,,,2025-10-08 10:32:09
Kambista,3.425,3.466,2025-10-08 10:44:12
Rextie,3.4325,3.4645,2025-10-08 10:44:13
Cambio Seguro,3.437,3.462,2025-10-08 10:44:13
Cambia FX,3.43,3.461,2025-10-08 10:44:14
Cambio Digital,3.436,3.45,2025-10-08 10:44:15
Kambista,,,2025-10-08 12:05:30
Rextie,,,2025-10-08 12:05:30
Cambio Seguro,,,2025-10-08 12:05:30
Cambia FX,,,2025-10-08 12:05:30
Cambio Digital,,,2025-10-08 12:05:30
Kambista,,,2025-10-08 14:52:11
Rextie,,,2025-10-08 14:52:11
Cambio Seguro,,,2025-10-08 14:52:11
Cambia FX,,,2025-10-08 14:52:11
Cambio Digital,,,2025-10-08 14:52:11
Kambista,3.425,3.466,2025-10-08 15:44:12
Rextie,3.4315,3.4655,2025-10-08 15:44:13
Cambio Seguro,3.437,3.462,2025-10-08 15:44:13
Cambia FX,3.43,3.461,2025-10-08 15:44:14
Cambio Digital,3.436,3.45,2025-10-08 15:44:15
Kambista,3.425,3.466,2025-10-08 16:44:12
Rextie,3.4315,3.4655,2025-10-08 16:44:13
Cambio Seguro,3.437,3.462,2025-10-08 16:44:13
Cambia FX,3.43,3.461,2025-10-08 16:44:14
Cambio Digital,3.436,3.45,2025-10-08 16:44:15
Kambista,3.425,3.466,2025-10-08 17:44:12
Rextie,3.43,3.467,2025-10-08 17:44:13
Cambio Seguro,3.437,3.462,2025-10-08 17:44:13
Cambia FX,3.43,3.461,2025-10-08 17:44:14
Cambio Digital,3.436,3.45,2025-10-08 17:44:15
Kambista,3.425,3.466,2025-10-08 18:44:14
Rextie,3.43,3.467,2025-10-08 18:44:14
Cambio Seguro,3.437,3.462,2025-10-08 18:44:15
Cambia FX,3.43,3.461,2025-10-08 18:44:16
Cambio Digital,3.43,3.46,2025-10-08 18:44:17
Kambista,3.425,3.466,2025-10-08 19:44:12
Rextie,3.43,3.467,2025-10-08 19:44:13
Cambio Seguro,3.437,3.462,2025-10-08 19:44:13
Cambia FX,3.43,3.461,2025-10-08 19:44:14
Cambio Digital,3.43,3.46,2025-10-08 19:44:15
Kambista,3.425,3.466,2025-10-08 20:44:13
Rextie,3.43,3.467,2025-10-08 20:44:14
Cambio Seguro,3.437,3.462,2025-10-08 20:44:15
Cambia FX,3.43,3.461,2025-10-08 20:44:15
Cambio Digital,3.43,3.46,2025-10-08 20:44:16
Kambista,3.425,3.466,2025-10-08 21:44:12
Rextie,3.43,3.467,2025-10-08 21:44:13
Cambio Seguro,3.437,3.462,2025-10-08 21:44:14
Cambia FX,3.43,3.461,2025-10-08 21:44:14
Cambio Digital,3.43,3.46,2025-10-08 21:44:15
Kambista,3.425,3.466,2025-10-08 22:44:12
Rextie,3.43,3.467,2025-10-08 22:44:13
Cambio Seguro,3.437,3.462,2025-10-08 22:44:14
Cambia FX,3.43,3.461,2025-10-08 22:44:14
Cambio Digital,3.43,3.46,2025-10-08 22:44:15
Kambista,3.425,3.466,2025-10-08 23:44:12
Rextie,3.43,3.467,2025-10-08 23:44:13
Cambio Seguro,3.437,3.462,2025-10-08 23:44:13
Cambia FX,3.43,3.461,2025-10-08 23:44:14
Cambio Digital,3.43,3.46,2025-10-08 23:44:15
Kambista,3.425,3.466,2025-10-09 00:44:12
Rextie,3.43,3.467,2025-10-09 00:44:13
Cambio Seguro,3.437,3.462,2025-10-09 00:44:13
Cambia FX,3.43,3.461,2025-10-09 00:44:14
Cambio Digital,3.43,3.46,2025-10-09 00:44:15
Kambista,,,2025-10-09 09:37:08
Rextie,,,2025-10-09 09:37:08
Cambio Seguro,,,2025-10-09 09:37:08
Cambia FX,,,2025-10-09 09:37:08
Cambio Digital,,,2025-10-09 09:37:08
Kambista,3.417,3.442,2025-10-09 09:44:12
Rextie,3.414,3.446,2025-10-09 09:44:13
Cambio Seguro,3.415,3.446,2025-10-09 09:44:13
Cambia FX,3.421,3.444,2025-10-09 09:44:14
Cambio Digital,3.43,3.438,2025-10-09 09:44:15
Kambista,3.424,3.449,2025-10-09 10:44:13
Rextie,3.421,3.453,2025-10-09 10:44:13
Cambio Seguro,3.424,3.451,2025-10-09 10:44:14
Cambia FX,3.428,3.446,2025-10-09 10:44:14
Cambio Digital,3.433,3.443,2025-10-09 10:44:15
Kambista,3.418,3.444,2025-10-09 11:44:12
Rextie,3.415,3.447,2025-10-09 11:44:13
Cambio Seguro,3.417,3.447,2025-10-09 11:44:13
Cambia FX,3.422,3.443,2025-10-09 11:44:14
Cambio Digital,3.43,3.438,2025-10-09 11:44:15
Kambista,3.422,3.446,2025-10-09 12:44:12
Rextie,3.4175,3.4495,2025-10-09 12:44:13
Cambio Seguro,3.421,3.449,2025-10-09 12:44:14
Cambia FX,3.425,3.444,2025-10-09 12:44:14
Cambio Digital,3.432,3.439,2025-10-09 12:44:15
Kambista,,,2025-10-09 14:01:25
Rextie,,,2025-10-09 14:01:25
Cambio Seguro,,,2025-10-09 14:01:25
Cambia FX,,,2025-10-09 14:01:25
Cambio Digital,,,2025-10-09 14:01:25
Kambista,3.411,3.441,2025-10-09 14:44:12
Rextie,3.411,3.448,2025-10-09 14:44:13
Cambio Seguro,3.413,3.443,2025-10-09 14:44:13
Cambia FX,3.416,3.44,2025-10-09 14:44:14
Cambio Digital,3.424,3.433,2025-10-09 14:44:15
Kambista,3.413,3.445,2025-10-09 15:44:12
Rextie,3.411,3.448,2025-10-09 15:44:13
Cambio Seguro,3.413,3.443,2025-10-09 15:44:14
Cambia FX,3.416,3.44,2025-10-09 15:44:14
Cambio Digital,3.425,3.433,2025-10-09 15:44:15
Kambista,3.413,3.445,2025-10-09 16:44:12
Rextie,3.411,3.448,2025-10-09 16:44:13
Cambio Seguro,3.413,3.443,2025-10-09 16:44:13
Cambia FX,3.416,3.44,2025-10-09 16:44:14
Cambio Digital,3.424,3.433,2025-10-09 16:44:15
Kambista,3.413,3.446,2025-10-09 17:44:12
Rextie,3.411,3.448,2025-10-09 17:44:13
Cambio Seguro,3.407,3.448,2025-10-09 17:44:13
Cambia FX,3.416,3.44,2025-10-09 17:44:14
Cambio Digital,3.424,3.433,2025-10-09 17:44:15
Kambista,3.405,3.448,2025-10-09 18:44:12
Rextie,3.4095,3.4495,2025-10-09 18:44:13
Cambio Seguro,3.407,3.448,2025-10-09 18:44:13
Cambia FX,3.416,3.44,2025-10-09 18:44:14
Cambio Digital,3.415,3.46,2025-10-09 18:44:15
Kambista,3.405,3.452,2025-10-09 21:49:56
Rextie,,,2025-10-09 21:49:56
Cambio Seguro,,,2025-10-09 21:49:56
Cambia FX,,,2025-10-09 21:49:56
Cambio Digital,3.415,3.46,2025-10-09 21:49:57
Kambista,3.405,3.452,2025-10-09 22:44:14
Rextie,3.4095,3.4495,2025-10-09 22:44:15
Cambio Seguro,3.405,3.442,2025-10-09 22:44:16
Cambia FX,3.412,3.502,2025-10-09 22:44:16
Cambio Digital,3.41,3.47,2025-10-09 22:44:17
Kambista,3.405,3.452,2025-10-09 23:44:12
Rextie,3.4095,3.4945,2025-10-09 23:44:13
Cambio Seguro,3.405,3.442,2025-10-09 23:44:14
Cambia FX,3.412,3.502,2025-10-09 23:44:14
Cambio Digital,3.41,3.47,2025-10-09 23:44:15
Kambista,,,2025-10-10 08:32:54
Rextie,,,2025-10-10 08:32:54
Cambio Seguro,,,2025-10-10 08:32:54
Cambia FX,,,2025-10-10 08:32:54
Cambio Digital,,,2025-10-10 08:32:54
Kambista,3.407,3.46,2025-10-10 08:44:12
Rextie,3.4175,3.5025,2025-10-10 08:44:13
Cambio Seguro,3.424,3.454,2025-10-10 08:44:13
Cambia FX,3.412,3.502,2025-10-10 08:44:14
Cambio Digital,3.41,3.47,2025-10-10 08:44:15
Kambista,3.428,3.453,2025-10-10 09:44:12
Rextie,3.4205,3.4805,2025-10-10 09:44:13
Cambio Seguro,3.421,3.453,2025-10-10 09:44:13
Cambia FX,3.432,3.451,2025-10-10 09:44:14
Cambio Digital,3.432,3.443,2025-10-10 09:44:15
Kambista,3.433,3.457,2025-10-10 10:44:12
Rextie,3.4305,3.4635,2025-10-10 10:44:13
Cambio Seguro,3.432,3.46,2025-10-10 10:44:13
Cambia FX,3.437,3.456,2025-10-10 10:44:14
Cambio Digital,3.438,3.448,2025-10-10 10:44:15
Kambista,3.419,3.448,2025-10-10 11:44:12
Rextie,3.4195,3.4525,2025-10-10 11:44:13
Cambio Seguro,3.421,3.45,2025-10-10 11:44:14
Cambia FX,3.423,3.444,2025-10-10 11:44:14
Cambio Digital,3.432,3.441,2025-10-10 11:44:15
Kambista,3.427,3.451,2025-10-10 12:44:12
Rextie,3.423,3.456,2025-10-10 12:44:13
Cambio Seguro,3.422,3.451,2025-10-10 12:44:14
Cambia FX,3.429,3.448,2025-10-10 12:44:14
Cambio Digital,3.434,3.441,2025-10-10 12:44:15
Kambista,3.42,3.449,2025-10-10 13:44:12
Rextie,3.421,3.451,2025-10-10 13:44:13
Cambio Seguro,3.42,3.445,2025-10-10 13:44:14
Cambia FX,3.426,3.447,2025-10-10 13:44:14
Cambio Digital,3.429,3.438,2025-10-10 13:44:15
Kambista,3.42,3.453,2025-10-10 14:44:12
Rextie,3.425,3.456,2025-10-10 14:44:13
Cambio Seguro,3.42,3.445,2025-10-10 14:44:13
Cambia FX,3.427,3.448,2025-10-10 14:44:14
Cambio Digital,3.43,3.439,2025-10-10 14:44:15
Kambista,3.425,3.453,2025-10-10 15:44:12
Rextie,3.425,3.456,2025-10-10 15:44:13
Cambio Seguro,3.42,3.445,2025-10-10 15:44:14
Cambia FX,3.427,3.448,2025-10-10 15:44:14
Cambio Digital,3.431,3.437,2025-10-10 15:44:15
Kambista,3.422,3.455,2025-10-10 16:44:14
Rextie,3.425,3.456,2025-10-10 16:44:15
Cambio Seguro,3.425,3.453,2025-10-10 16:44:15
Cambia FX,3.427,3.448,2025-10-10 16:44:16
Cambio Digital,3.43,3.437,2025-10-10 16:44:17
Kambista,3.422,3.455,2025-10-10 17:44:12
Rextie,3.4185,3.4525,2025-10-10 17:44:13
Cambio Seguro,3.425,3.453,2025-10-10 17:44:13
Cambia FX,3.427,3.45,2025-10-10 17:44:14
Cambio Digital,3.428,3.436,2025-10-10 17:44:15
Kambista,,,2025-10-10 18:50:55
Rextie,,,2025-10-10 18:50:55
Cambio Seguro,,,2025-10-10 18:50:55
Cambia FX,,,2025-10-10 18:50:55
Cambio Digital,,,2025-10-10 18:50:55
Kambista,3.42,3.458,2025-10-10 19:44:14
Rextie,3.416,3.451,2025-10-10 19:44:14
Cambio Seguro,3.424,3.447,2025-10-10 19:44:15
Cambia FX,3.422,3.452,2025-10-10 19:44:16
Cambio Digital,3.427,3.44,2025-10-10 19:44:17
Kambista,3.42,3.458,2025-10-10 20:44:11
Rextie,3.416,3.451,2025-10-10 20:44:12
Cambio Seguro,3.424,3.447,2025-10-10 20:44:13
Cambia FX,3.422,3.452,2025-10-10 20:44:13
Cambio Digital,3.427,3.44,2025-10-10 20:44:14
Kambista,3.42,3.458,2025-10-10 21:44:12
Rextie,3.416,3.451,2025-10-10 21:44:12
Cambio Seguro,3.424,3.447,2025-10-10 21:44:13
Cambia FX,3.422,3.452,2025-10-10 21:44:14
Cambio Digital,3.427,3.44,2025-10-10 21:44:15
Kambista,3.42,3.458,2025-10-10 22:44:12
Rextie,3.416,3.451,2025-10-10 22:44:12
Cambio Seguro,3.424,3.447,2025-10-10 22:44:13
Cambia FX,3.422,3.452,2025-10-10 22:44:14
Cambio Digital,3.427,3.44,2025-10-10 22:44:15
Kambista,,,2025-10-11 09:06:29
Rextie,,,2025-10-11 09:06:29
Cambio Seguro,,,2025-10-11 09:06:29
Cambia FX,,,2025-10-11 09:06:29
Cambio Digital,,,2025-10-11 09:06:29
Kambista,,,2025-10-11 10:20:55
Rextie,,,2025-10-11 10:20:55
Cambio Seguro,,,2025-10-11 10:20:55
Cambia FX,,,2025-10-11 10:20:55
Cambio Digital,,,2025-10-11 10:20:55
Kambista,3.421,3.45,2025-10-11 10:44:13
Rextie,3.4185,3.4485,2025-10-11 10:44:14
Cambio Seguro,3.428,3.449,2025-10-11 10:44:14
Cambia FX,3.422,3.452,2025-10-11 10:44:15
Cambio Digital,3.429,3.438,2025-10-11 10:44:16
Kambista,3.422,3.45,2025-10-11 11:44:12
Rextie,3.4185,3.4485,2025-10-11 11:44:12
Cambio Seguro,3.424,3.447,2025-10-11 11:44:13
Cambia FX,3.422,3.452,2025-10-11 11:44:14
Cambio Digital,3.429,3.436,2025-10-11 11:44:15
Kambista,3.422,3.45,2025-10-11 12:44:12
Rextie,3.4185,3.4485,2025-10-11 12:44:13
Cambio Seguro,3.424,3.447,2025-10-11 12:44:13
Cambia FX,3.422,3.452,2025-10-11 12:44:14
Cambio Digital,3.431,3.443,2025-10-11 12:44:15
Kambista,,,2025-10-11 14:02:03
Rextie,,,2025-10-11 14:02:03
Cambio Seguro,,,2025-10-11 14:02:03
Cambia FX,,,2025-10-11 14:02:03
Cambio Digital,,,2025-10-11 14:02:03
Kambista,3.416,3.451,2025-10-11 19:12:38
Rextie,,,2025-10-11 19:12:38
Cambio Seguro,3.424,3.447,2025-10-11 19:12:39
Cambia FX,3.422,3.452,2025-10-11 19:12:39
Cambio Digital,3.429,3.444,2025-10-11 19:12:41
Kambista,3.416,3.451,2025-10-11 19:44:13
Rextie,3.416,3.451,2025-10-11 19:44:14
Cambio Seguro,3.424,3.447,2025-10-11 19:44:14
Cambia FX,3.422,3.452,2025-10-11 19:44:15
Cambio Digital,3.429,3.444,2025-10-11 19:44:16
Kambista,,,2025-10-12 15:07:37
Rextie,,,2025-10-12 15:07:37
Cambio Seguro,,,2025-10-12 15:07:37
Cambia FX,,,2025-10-12 15:07:37
Cambio Digital,,,2025-10-12 15:07:37
Kambista,3.416,3.451,2025-10-12 15:44:12
Rextie,3.4175,3.4495,2025-10-12 15:44:13
Cambio Seguro,3.424,3.447,2025-10-12 15:44:13
Cambia FX,3.422,3.452,2025-10-12 15:44:14
Cambio Digital,3.42,3.45,2025-10-12 15:44:15
Kambista,3.416,3.451,2025-10-12 16:44:14
Rextie,3.4175,3.4495,2025-10-12 16:44:14
Cambio Seguro,3.424,3.447,2025-10-12 16:44:15
Cambia FX,3.422,3.452,2025-10-12 16:44:15
Cambio Digital,3.42,3.45,2025-10-12 16:44:16
Kambista,3.416,3.451,2025-10-12 17:44:12
Rextie,3.416,3.451,2025-10-12 17:44:12
Cambio Seguro,3.424,3.447,2025-10-12 17:44:13
Cambia FX,3.422,3.452,2025-10-12 17:44:14
Cambio Digital,3.42,3.45,2025-10-12 17:44:15
Kambista,,,2025-10-12 20:57:35
Rextie,,,2025-10-12 20:57:35
Cambio Seguro,,,2025-10-12 20:57:35
Cambia FX,,,2025-10-12 20:57:35
Cambio Digital,,,2025-10-12 20:57:35
Kambista,3.416,3.451,2025-10-12 21:44:14
Rextie,3.416,3.451,2025-10-12 21:44:14
Cambio Seguro,3.424,3.447,2025-10-12 21:44:15
Cambia FX,3.422,3.452,2025-10-12 21:44:15
Cambio Digital,3.42,3.45,2025-10-12 21:44:16
Kambista,3.416,3.451,2025-10-12 22:44:12
Rextie,3.416,3.451,2025-10-12 22:44:12
Cambio Seguro,3.424,3.447,2025-10-12 22:44:13
Cambia FX,3.422,3.452,2025-10-12 22:44:14
Cambio Digital,3.42,3.45,2025-10-12 22:44:15
Kambista,3.416,3.451,2025-10-12 23:44:12
Rextie,3.416,3.451,2025-10-12 23:44:13
Cambio Seguro,3.424,3.447,2025-10-12 23:44:13
Cambia FX,3.422,3.452,2025-10-12 23:44:14
Cambio Digital,3.42,3.45,2025-10-12 23:44:15
Kambista,3.416,3.451,2025-10-13 00:44:12
Rextie,3.416,3.451,2025-10-13 00:44:13
Cambio Seguro,3.424,3.447,2025-10-13 00:44:13
Cambia FX,3.422,3.452,2025-10-13 00:44:14
Cambio Digital,3.42,3.45,2025-10-13 00:44:15
Kambista,,,2025-10-13 10:08:55
Rextie,,,2025-10-13 10:08:55
Cambio Seguro,,,2025-10-13 10:08:55
Cambia FX,,,2025-10-13 10:08:55
Cambio Digital,,,2025-10-13 10:08:55
Kambista,3.415,3.439,2025-10-13 10:44:12
Rextie,3.4125,3.4405,2025-10-13 10:44:12
Cambio Seguro,3.412,3.44,2025-10-13 10:44:13
Cambia FX,3.416,3.435,2025-10-13 10:44:14
Cambio Digital,3.42,3.431,2025-10-13 10:44:15
Kambista,3.417,3.441,2025-10-13 11:44:12
Rextie,3.4145,3.4425,2025-10-13 11:44:12
Cambio Seguro,3.415,3.442,2025-10-13 11:44:13
Cambia FX,3.421,3.439,2025-10-13 11:44:14
Cambio Digital,3.425,3.431,2025-10-13 11:44:15
Kambista,3.411,3.438,2025-10-13 12:44:12
Rextie,3.41,3.438,2025-10-13 12:44:12
Cambio Seguro,3.409,3.442,2025-10-13 12:44:13
Cambia FX,3.416,3.435,2025-10-13 12:44:14
Cambio Digital,3.42,3.427,2025-10-13 12:44:15
Kambista,,,2025-10-13 14:36:21
Rextie,,,2025-10-13 14:36:21
Cambio Seguro,,,2025-10-13 14:36:21
Cambia FX,,,2025-10-13 14:36:21
Cambio Digital,,,2025-10-13 14:36:21
Kambista,3.411,3.438,2025-10-13 14:44:12
Rextie,3.413,3.443,2025-10-13 14:44:12
Cambio Seguro,3.411,3.439,2025-10-13 14:44:13
Cambia FX,3.418,3.439,2025-10-13 14:44:14
Cambio Digital,3.418,3.429,2025-10-13 14:44:15
Kambista,3.413,3.441,2025-10-13 15:44:12
Rextie,3.413,3.443,2025-10-13 15:44:12
Cambio Seguro,3.411,3.439,2025-10-13 15:44:13
Cambia FX,3.418,3.439,2025-10-13 15:44:14
Cambio Digital,3.42,3.429,2025-10-13 15:44:15
Kambista,3.415,3.442,2025-10-13 16:44:14
Rextie,3.413,3.443,2025-10-13 16:44:14
Cambio Seguro,3.411,3.441,2025-10-13 16:44:15
Cambia FX,3.418,3.439,2025-10-13 16:44:15
Cambio Digital,3.422,3.428,2025-10-13 16:44:16
Kambista,3.415,3.446,2025-10-13 17:44:12
Rextie,3.413,3.443,2025-10-13 17:44:12
Cambio Seguro,3.411,3.441,2025-10-13 17:44:13
Cambia FX,3.418,3.439,2025-10-13 17:44:14
Cambio Digital,3.418,3.429,2025-10-13 17:44:15
Kambista,3.415,3.446,2025-10-13 18:44:14
Rextie,3.4115,3.4445,2025-10-13 18:44:14
Cambio Seguro,3.411,3.441,2025-10-13 18:44:15
Cambia FX,3.418,3.439,2025-10-13 18:44:15
Cambio Digital,3.417,3.429,2025-10-13 18:44:17
Kambista,3.407,3.447,2025-10-13 19:44:12
Rextie,3.4115,3.4445,2025-10-13 19:44:12
Cambio Seguro,3.411,3.441,2025-10-13 19:44:13
Cambia FX,3.413,3.443,2025-10-13 19:44:14
Cambio Digital,3.417,3.429,2025-10-13 19:44:15
Kambista,3.407,3.447,2025-10-13 20:44:12
Rextie,3.4115,3.4445,2025-10-13 20:44:12
Cambio Seguro,3.411,3.441,2025-10-13 20:44:13
Cambia FX,3.413,3.443,2025-10-13 20:44:13
Cambio Digital,3.417,3.429,2025-10-13 20:44:14
Kambista,3.407,3.447,2025-10-13 21:44:12
Rextie,3.4115,3.4445,2025-10-13 21:44:12
Cambio Seguro,3.411,3.441,2025-10-13 21:44:13
Cambia FX,3.413,3.443,2025-10-13 21:44:14
Cambio Digital,3.417,3.429,2025-10-13 21:44:15
Kambista,,,2025-10-14 08:07:55
Rextie,,,2025-10-14 08:07:55
Cambio Seguro,,,2025-10-14 08:07:55
Cambia FX,,,2025-10-14 08:07:55
Cambio Digital,,,2025-10-14 08:07:55
Kambista,,,2025-10-14 10:20:48
Rextie,,,2025-10-14 10:20:48
Cambio Seguro,,,2025-10-14 10:20:48
Cambia FX,,,2025-10-14 10:20:48
Cambio Digital,,,2025-10-14 10:20:48
Kambista,3.414,3.438,2025-10-14 10:44:12
Rextie,3.411,3.441,2025-10-14 10:44:12
Cambio Seguro,3.407,3.436,2025-10-14 10:44:13
Cambia FX,3.418,3.434,2025-10-14 10:44:14
Cambio Digital,3.422,3.428,2025-10-14 10:44:15
Kambista,3.407,3.433,2025-10-14 11:44:12
Rextie,3.4045,3.4345,2025-10-14 11:44:13
Cambio Seguro,3.406,3.44,2025-10-14 11:44:13
Cambia FX,3.412,3.432,2025-10-14 11:44:14
Cambio Digital,3.418,3.425,2025-10-14 11:44:15
Kambista,,,2025-10-14 13:13:39
Rextie,,,2025-10-14 13:13:39
Cambio Seguro,,,2025-10-14 13:13:39
Cambia FX,,,2025-10-14 13:13:39
Cambio Digital,,,2025-10-14 13:13:39
Kambista,,,2025-10-14 14:41:12
Rextie,,,2025-10-14 14:41:12
Cambio Seguro,,,2025-10-14 14:41:12
Cambia FX,,,2025-10-14 14:41:12
Cambio Digital,,,2025-10-14 14:41:12
Kambista,3.411,3.438,2025-10-14 14:44:12
Rextie,3.408,3.442,2025-10-14 14:44:13
Cambio Seguro,3.414,3.436,2025-10-14 14:44:13
Cambia FX,3.415,3.435,2025-10-14 14:44:14
Cambio Digital,3.421,3.429,2025-10-14 14:44:15
Kambista,3.411,3.44,2025-10-14 15:44:14
Rextie,3.408,3.442,2025-10-14 15:44:14
Cambio Seguro,3.414,3.436,2025-10-14 15:44:15
Cambia FX,3.413,3.435,2025-10-14 15:44:16
Cambio Digital,3.42,3.428,2025-10-14 15:44:17
Kambista,3.411,3.441,2025-10-14 16:44:12
Rextie,3.408,3.442,2025-10-14 16:44:12
Cambio Seguro,3.414,3.436,2025-10-14 16:44:13
Cambia FX,3.413,3.435,2025-10-14 16:44:14
Cambio Digital,3.421,3.428,2025-10-14 16:44:15
Kambista,,,2025-10-14 18:48:51
Rextie,,,2025-10-14 18:48:51
Cambio Seguro,,,2025-10-14 18:48:51
Cambia FX,,,2025-10-14 18:48:51
Cambio Digital,,,2025-10-14 18:48:51
Kambista,,,2025-10-14 20:56:09
Rextie,,,2025-10-14 20:56:09
Cambio Seguro,,,2025-10-14 20:56:09
Cambia FX,,,2025-10-14 20:56:09
Cambio Digital,,,2025-10-14 20:56:09
Kambista,3.405,3.445,2025-10-14 21:44:12
Rextie,3.4065,3.4435,2025-10-14 21:44:13
Cambio Seguro,3.414,3.436,2025-10-14 21:44:14
Cambia FX,3.41,3.44,2025-10-14 21:44:14
Cambio Digital,3.415,3.44,2025-10-14 21:44:15
Kambista,,,2025-10-15 09:16:54
Rextie,,,2025-10-15 09:16:54
Cambio Seguro,,,2025-10-15 09:16:54
Cambia FX,,,2025-10-15 09:16:54
Cambio Digital,,,2025-10-15 09:16:54
Kambista,3.404,3.428,2025-10-15 09:44:12
Rextie,3.402,3.43,2025-10-15 09:44:13
Cambio Seguro,3.405,3.428,2025-10-15 09:44:14
Cambia FX,3.406,3.426,2025-10-15 09:44:14
Cambio Digital,3.411,3.421,2025-10-15 09:44:15
Kambista,3.395,3.423,2025-10-15 10:44:12
Rextie,3.396,3.424,2025-10-15 10:44:13
Cambio Seguro,3.396,3.426,2025-10-15 10:44:13
Cambia FX,3.4,3.42,2025-10-15 10:44:14
Cambio Digital,3.4,3.414,2025-10-15 10:44:15
Kambista,3.391,3.419,2025-10-15 11:44:12
Rextie,3.389,3.417,2025-10-15 11:44:12
Cambio Seguro,3.389,3.42,2025-10-15 11:44:13
Cambia FX,3.393,3.415,2025-10-15 11:44:14
Cambio Digital,3.4,3.411,2025-10-15 11:44:15
Kambista,3.394,3.42,2025-10-15 12:44:12
Rextie,3.389,3.424,2025-10-15 12:44:12
Cambio Seguro,3.392,3.419,2025-10-15 12:44:13
Cambia FX,3.396,3.416,2025-10-15 12:44:14
Cambio Digital,3.399,3.41,2025-10-15 12:44:15
Kambista,3.39,3.42,2025-10-15 13:44:12
Rextie,3.3885,3.4255,2025-10-15 13:44:13
Cambio Seguro,3.392,3.417,2025-10-15 13:44:13
Cambia FX,3.396,3.418,2025-10-15 13:44:14
Cambio Digital,3.398,3.41,2025-10-15 13:44:15
Kambista,3.389,3.42,2025-10-15 14:44:12
Rextie,3.3885,3.4255,2025-10-15 14:44:12
Cambio Seguro,3.392,3.417,2025-10-15 14:44:13
Cambia FX,3.396,3.418,2025-10-15 14:44:14
Cambio Digital,3.4,3.409,2025-10-15 14:44:15
Kambista,3.389,3.42,2025-10-15 15:44:14
Rextie,3.3885,3.4255,2025-10-15 15:44:14
Cambio Seguro,3.389,3.416,2025-10-15 15:44:15
Cambia FX,3.396,3.418,2025-10-15 15:44:15
Cambio Digital,3.399,3.408,2025-10-15 15:44:16
Kambista,3.39,3.422,2025-10-15 16:44:13
Rextie,3.3885,3.4255,2025-10-15 16:44:14
Cambio Seguro,3.387,3.417,2025-10-15 16:44:15
Cambia FX,3.396,3.418,2025-10-15 16:44:15
Cambio Digital,3.399,3.408,2025-10-15 16:44:16
Kambista,3.388,3.423,2025-10-15 17:44:12
Rextie,3.387,3.427,2025-10-15 17:44:12
Cambio Seguro,3.387,3.417,2025-10-15 17:44:13
Cambia FX,3.398,3.418,2025-10-15 17:44:14
Cambio Digital,3.399,3.408,2025-10-15 17:44:15
Kambista,3.388,3.425,2025-10-15 18:44:12
Rextie,3.387,3.427,2025-10-15 18:44:13
Cambio Seguro,3.397,3.42,2025-10-15 18:44:13
Cambia FX,3.398,3.418,2025-10-15 18:44:14
Cambio Digital,3.394,3.415,2025-10-15 18:44:15
Kambista,3.387,3.426,2025-10-15 19:44:12
Rextie,3.387,3.427,2025-10-15 19:44:12
Cambio Seguro,3.397,3.42,2025-10-15 19:44:13
Cambia FX,3.391,3.421,2025-10-15 19:44:14
Cambio Digital,3.394,3.415,2025-10-15 19:44:15
Kambista,3.387,3.426,2025-10-15 20:44:11
Rextie,3.387,3.427,2025-10-15 20:44:12
Cambio Seguro,3.397,3.42,2025-10-15 20:44:13
Cambia FX,3.391,3.421,2025-10-15 20:44:13
Cambio Digital,3.394,3.415,2025-10-15 20:44:14
Kambista,3.387,3.426,2025-10-15 21:44:12
Rextie,3.387,3.427,2025-10-15 21:44:13
Cambio Seguro,3.397,3.42,2025-10-15 21:44:13
Cambia FX,3.391,3.421,2025-10-15 21:44:14
Cambio Digital,3.394,3.415,2025-10-15 21:44:15
Kambista,,,2025-10-16 08:54:02
Rextie,,,2025-10-16 08:54:02
Cambio Seguro,,,2025-10-16 08:54:02
Cambia FX,,,2025-10-16 08:54:02
Cambio Digital,,,2025-10-16 08:54:02
Kambista,3.387,3.426,2025-10-16 09:00:38
Rextie,3.3885,3.4245,2025-10-16 09:00:39
Cambio Seguro,3.375,3.425,2025-10-16 09:00:40
Cambia FX,3.391,3.421,2025-10-16 09:00:40
Cambio Digital,3.39,3.41,2025-10-16 09:00:41
Kambista,3.379,3.41,2025-10-16 09:44:14
Rextie,3.377,3.412,2025-10-16 09:44:14
Cambio Seguro,3.377,3.41,2025-10-16 09:44:15
Cambia FX,3.382,3.406,2025-10-16 09:44:16
Cambio Digital,3.39,3.402,2025-10-16 09:44:17
Kambista,3.377,3.402,2025-10-16 10:44:12
Rextie,3.375,3.409,2025-10-16 10:44:12
Cambio Seguro,3.374,3.407,2025-10-16 10:44:13
Cambia FX,3.379,3.4,2025-10-16 10:44:14
Cambio Digital,3.384,3.394,2025-10-16 10:44:15
Kambista,,,2025-10-16 12:01:51
Rextie,,,2025-10-16 12:01:51
Cambio Seguro,,,2025-10-16 12:01:51
Cambia FX,,,2025-10-16 12:01:51
Cambio Digital,,,2025-10-16 12:01:51
Kambista,3.373,3.398,2025-10-16 12:44:12
Rextie,3.3715,3.4095,2025-10-16 12:44:12
Cambio Seguro,3.371,3.401,2025-10-16 12:44:13
Cambia FX,3.377,3.401,2025-10-16 12:44:14
Cambio Digital,3.383,3.39,2025-10-16 12:44:15
Kambista,3.375,3.402,2025-10-16 13:44:12
Rextie,3.373,3.412,2025-10-16 13:44:12
Cambio Seguro,3.371,3.401,2025-10-16 13:44:13
Cambia FX,3.379,3.4,2025-10-16 13:44:14
Cambio Digital,3.382,3.393,2025-10-16 13:44:15
Kambista,3.375,3.406,2025-10-16 14:44:12
Rextie,3.373,3.412,2025-10-16 14:44:12
Cambio Seguro,3.372,3.405,2025-10-16 14:44:13
Cambia FX,3.379,3.4,2025-10-16 14:44:14
Cambio Digital,3.382,3.392,2025-10-16 14:44:15
Kambista,3.375,3.406,2025-10-16 15:44:12
Rextie,3.373,3.412,2025-10-16 15:44:12
Cambio Seguro,3.372,3.405,2025-10-16 15:44:13
Cambia FX,3.379,3.4,2025-10-16 15:44:14
Cambio Digital,3.381,3.387,2025-10-16 15:44:15
Kambista,3.375,3.406,2025-10-16 16:44:13
Rextie,3.373,3.412,2025-10-16 16:44:14
Cambio Seguro,3.372,3.406,2025-10-16 16:44:15
Cambia FX,3.378,3.398,2025-10-16 16:44:15
Cambio Digital,3.38,3.389,2025-10-16 16:44:16
Kambista,3.375,3.406,2025-10-16 17:44:12
Rextie,3.3715,3.4135,2025-10-16 17:44:12
Cambio Seguro,3.372,3.406,2025-10-16 17:44:13
Cambia FX,3.372,3.396,2025-10-16 17:44:14
Cambio Digital,3.38,3.39,2025-10-16 17:44:15
Kambista,3.371,3.41,2025-10-16 18:44:12
Rextie,3.3715,3.4135,2025-10-16 18:44:12
Cambio Seguro,3.382,3.402,2025-10-16 18:44:13
Cambia FX,3.371,3.403,2025-10-16 18:44:14
Cambio Digital,3.377,3.405,2025-10-16 18:44:14
Kambista,3.371,3.41,2025-10-16 19:44:12
Rextie,3.3715,3.4135,2025-10-16 19:44:12
Cambio Seguro,3.382,3.402,2025-10-16 19:44:13
Cambia FX,3.371,3.403,2025-10-16 19:44:14
Cambio Digital,3.377,3.405,2025-10-16 19:44:15
Kambista,3.371,3.41,2025-10-16 20:44:11
Rextie,3.3715,3.4135,2025-10-16 20:44:12
Cambio Seguro,3.382,3.402,2025-10-16 20:44:13
Cambia FX,3.371,3.403,2025-10-16 20:44:13
Cambio Digital,3.377,3.405,2025-10-16 20:44:14
Kambista,3.371,3.41,2025-10-16 21:44:12
Rextie,3.3715,3.4135,2025-10-16 21:44:12
Cambio Seguro,3.382,3.402,2025-10-16 21:44:13
Cambia FX,3.371,3.403,2025-10-16 21:44:14
Cambio Digital,3.377,3.405,2025-10-16 21:44:15
Kambista,3.371,3.41,2025-10-16 22:44:12
Rextie,3.3715,3.4135,2025-10-16 22:44:12
Cambio Seguro,3.382,3.402,2025-10-16 22:44:13
Cambia FX,3.371,3.403,2025-10-16 22:44:14
Cambio Digital,3.377,3.405,2025-10-16 22:44:15
Kambista,,,2025-10-17 10:20:39
Rextie,,,2025-10-17 10:20:39
Cambio Seguro,,,2025-10-17 10:20:39
Cambia FX,,,2025-10-17 10:20:39
Cambio Digital,,,2025-10-17 10:20:39
Kambista,3.374,3.399,2025-10-17 10:44:13
Rextie,3.3715,3.4055,2025-10-17 10:44:14
Cambio Seguro,3.369,3.398,2025-10-17 10:44:15
Cambia FX,3.377,3.397,2025-10-17 10:44:15
Cambio Digital,3.378,3.387,2025-10-17 10:44:16
Kambista,3.37,3.394,2025-10-17 11:44:12
Rextie,3.367,3.401,2025-10-17 11:44:12
Cambio Seguro,3.369,3.398,2025-10-17 11:44:13
Cambia FX,3.372,3.392,2025-10-17 11:44:14
Cambio Digital,3.375,3.385,2025-10-17 11:44:15
Kambista,3.368,3.393,2025-10-17 12:44:12
Rextie,3.3655,3.3995,2025-10-17 12:44:12
Cambio Seguro,3.369,3.398,2025-10-17 12:44:13
Cambia FX,3.37,3.392,2025-10-17 12:44:14
Cambio Digital,3.376,3.384,2025-10-17 12:44:15
Kambista,3.369,3.393,2025-10-17 13:44:12
Rextie,3.3665,3.4025,2025-10-17 13:44:12
Cambio Seguro,3.366,3.395,2025-10-17 13:44:13
Cambia FX,3.371,3.393,2025-10-17 13:44:14
Cambio Digital,3.375,3.385,2025-10-17 13:44:15
Kambista,3.366,3.394,2025-10-17 14:44:12
Rextie,3.3665,3.4025,2025-10-17 14:44:12
Cambio Seguro,3.366,3.395,2025-10-17 14:44:13
Cambia FX,3.371,3.393,2025-10-17 14:44:14
Cambio Digital,3.375,3.385,2025-10-17 14:44:15
Kambista,3.367,3.395,2025-10-17 15:44:12
Rextie,3.3665,3.4025,2025-10-17 15:44:12
Cambio Seguro,3.366,3.395,2025-10-17 15:44:13
Cambia FX,3.371,3.393,2025-10-17 15:44:14
Cambio Digital,3.372,3.379,2025-10-17 15:44:15
Kambista,3.367,3.394,2025-10-17 16:44:13
Rextie,3.3665,3.4025,2025-10-17 16:44:14
Cambio Seguro,3.366,3.395,2025-10-17 16:44:15
Cambia FX,3.371,3.393,2025-10-17 16:44:15
Cambio Digital,3.375,3.384,2025-10-17 16:44:16
Kambista,,,2025-10-17 20:13:40
Rextie,,,2025-10-17 20:13:40
Cambio Seguro,,,2025-10-17 20:13:40
Cambia FX,,,2025-10-17 20:13:40
Cambio Digital,,,2025-10-17 20:13:40
Kambista,,,2025-10-17 21:33:53
Rextie,,,2025-10-17 21:33:53
Cambio Seguro,,,2025-10-17 21:33:54
Cambia FX,,,2025-10-17 21:33:54
Cambio Digital,,,2025-10-17 21:33:54
Kambista,3.363,3.4,2025-10-17 21:44:12
Rextie,3.365,3.399,2025-10-17 21:44:12
Cambio Seguro,3.366,3.395,2025-10-17 21:44:13
Cambia FX,3.366,3.396,2025-10-17 21:44:14
Cambio Digital,3.372,3.385,2025-10-17 21:44:15
Kambista,3.363,3.4,2025-10-17 22:44:12
Rextie,3.365,3.399,2025-10-17 22:44:12
Cambio Seguro,3.366,3.395,2025-10-17 22:44:13
Cambia FX,3.366,3.396,2025-10-17 22:44:14
Cambio Digital,3.372,3.385,2025-10-17 22:44:15
Kambista,,,2025-10-18 06:12:05
Rextie,,,2025-10-18 06:12:05
Cambio Seguro,,,2025-10-18 06:12:05
Cambia FX,,,2025-10-18 06:12:05
Cambio Digital,,,2025-10-18 06:12:05
Kambista,,,2025-10-18 14:42:56
Rextie,,,2025-10-18 14:42:56
Cambio Seguro,,,2025-10-18 14:42:56
Cambia FX,,,2025-10-18 14:42:56
Cambio Digital,,,2025-10-18 14:42:56
Kambista,3.365,3.402,2025-10-18 14:44:12
Rextie,3.361,3.403,2025-10-18 14:44:12
Cambio Seguro,3.376,3.404,2025-10-18 14:44:13
Cambia FX,3.366,3.396,2025-10-18 14:44:14
Cambio Digital,3.372,3.395,2025-10-18 14:44:15
Kambista,,,2025-10-18 15:51:52
Rextie,,,2025-10-18 15:51:52
Cambio Seguro,,,2025-10-18 15:51:52
Cambia FX,,,2025-10-18 15:51:52
Cambio Digital,,,2025-10-18 15:51:52
Kambista,3.365,3.402,2025-10-18 16:44:12
Rextie,3.361,3.403,2025-10-18 16:44:13
Cambio Seguro,3.376,3.404,2025-10-18 16:44:14
Cambia FX,3.366,3.396,2025-10-18 16:44:15
Cambio Digital,3.372,3.395,2025-10-18 16:44:17
Kambista,3.365,3.402,2025-10-18 19:44:13
Rextie,3.36,3.404,2025-10-18 19:44:14
Cambio Seguro,3.376,3.404,2025-10-18 19:44:15
Cambia FX,3.366,3.396,2025-10-18 19:44:16
Cambio Digital,3.372,3.395,2025-10-18 19:44:18
Kambista,,,2025-10-18 22:12:33
Rextie,,,2025-10-18 22:12:33
Cambio Seguro,,,2025-10-18 22:12:33
Cambia FX,,,2025-10-18 22:12:33
Cambio Digital,,,2025-10-18 22:12:33
Kambista,,,2025-10-18 23:14:57
Rextie,,,2025-10-18 23:14:57
Cambio Seguro,,,2025-10-18 23:14:57
Cambia FX,,,2025-10-18 23:14:57
Cambio Digital,,,2025-10-18 23:14:57
Kambista,,,2025-10-19 07:54:18
Rextie,,,2025-10-19 07:54:18
Cambio Seguro,,,2025-10-19 07:54:18
Cambia FX,,,2025-10-19 07:54:18
Cambio Digital,,,2025-10-19 07:54:18
Kambista,3.365,3.402,2025-10-19 09:44:12
Rextie,3.362,3.402,2025-10-19 09:44:13
Cambio Seguro,3.376,3.404,2025-10-19 09:44:14
Cambia FX,3.366,3.396,2025-10-19 09:44:15
Cambio Digital,3.372,3.395,2025-10-19 09:44:17
Kambista,3.365,3.402,2025-10-19 10:44:12
Rextie,3.362,3.402,2025-10-19 10:44:13
Cambio Seguro,3.376,3.404,2025-10-19 10:44:14
Cambia FX,3.366,3.396,2025-10-19 10:44:15
Cambio Digital,3.372,3.395,2025-10-19 10:44:17
Kambista,3.365,3.402,2025-10-19 11:44:12
Rextie,3.362,3.402,2025-10-19 11:44:13
Cambio Seguro,3.376,3.404,2025-10-19 11:44:14
Cambia FX,3.366,3.396,2025-10-19 11:44:15
Cambio Digital,3.372,3.395,2025-10-19 11:44:16
Kambista,3.365,3.402,2025-10-19 12:44:12
Rextie,3.362,3.402,2025-10-19 12:44:13
Cambio Seguro,3.376,3.404,2025-10-19 12:44:14
Cambia FX,3.366,3.396,2025-10-19 12:44:15
Cambio Digital,3.372,3.395,2025-10-19 12:44:16
Kambista,3.365,3.402,2025-10-19 15:44:14
Rextie,3.361,3.403,2025-10-19 15:44:15
Cambio Seguro,3.376,3.404,2025-10-19 15:44:16
Cambia FX,3.366,3.396,2025-10-19 15:44:17
Cambio Digital,3.372,3.395,2025-10-19 15:44:20
Kambista,,,2025-10-19 16:58:17
Rextie,,,2025-10-19 16:58:17
Cambio Seguro,,,2025-10-19 16:58:17
Cambia FX,,,2025-10-19 16:58:17
Cambio Digital,,,2025-10-19 16:58:17
Kambista,3.365,3.402,2025-10-19 17:44:14
Rextie,3.36,3.404,2025-10-19 17:44:15
Cambio Seguro,3.376,3.404,2025-10-19 17:44:16
Cambia FX,3.366,3.396,2025-10-19 17:44:17
Cambio Digital,3.372,3.395,2025-10-19 17:44:19
Kambista,3.365,3.402,2025-10-19 18:44:12
Rextie,3.36,3.404,2025-10-19 18:44:13
Cambio Seguro,3.376,3.404,2025-10-19 18:44:14
Cambia FX,3.366,3.396,2025-10-19 18:44:15
Cambio Digital,3.372,3.395,2025-10-19 18:44:16
Kambista,3.365,3.402,2025-10-19 19:44:12
Rextie,3.36,3.404,2025-10-19 19:44:13
Cambio Seguro,3.376,3.404,2025-10-19 19:44:14
Cambia FX,3.366,3.396,2025-10-19 19:44:15
Cambio Digital,3.372,3.395,2025-10-19 19:44:16
Kambista,3.365,3.402,2025-10-19 20:44:11
Rextie,3.36,3.404,2025-10-19 20:44:12
Cambio Seguro,3.376,3.404,2025-10-19 20:44:13
Cambia FX,3.366,3.396,2025-10-19 20:44:14
Cambio Digital,3.372,3.395,2025-10-19 20:44:16
Kambista,3.365,3.402,2025-10-19 21:44:12
Rextie,3.36,3.404,2025-10-19 21:44:13
Cambio Seguro,3.376,3.404,2025-10-19 21:44:14
Cambia FX,3.366,3.396,2025-10-19 21:44:15
Cambio Digital,3.372,3.395,2025-10-19 21:44:17
Kambista,3.365,3.402,2025-10-19 22:44:12
Rextie,3.36,3.404,2025-10-19 22:44:13
Cambio Seguro,3.376,3.404,2025-10-19 22:44:14
Cambia FX,3.366,3.396,2025-10-19 22:44:15
Cambio Digital,3.372,3.395,2025-10-19 22:44:16
Kambista,,,2025-10-20 08:10:55
Rextie,,,2025-10-20 08:10:55
Cambio Seguro,,,2025-10-20 08:10:55
Cambia FX,,,2025-10-20 08:10:55
Cambio Digital,,,2025-10-20 08:10:55
Kambista,3.365,3.402,2025-10-20 08:44:14
Rextie,3.3625,3.4015,2025-10-20 08:44:14
Cambio Seguro,3.376,3.404,2025-10-20 08:44:15
Cambia FX,3.366,3.396,2025-10-20 08:44:16
Cambio Digital,3.365,3.4,2025-10-20 08:44:20
Kambista,3.35,3.376,2025-10-20 09:44:12
Rextie,3.3525,3.3825,2025-10-20 09:44:13
Cambio Seguro,3.353,3.386,2025-10-20 09:44:14
Cambia FX,3.353,3.377,2025-10-20 09:44:15
Cambio Digital,3.36,3.374,2025-10-20 09:44:17
Kambista,3.36,3.386,2025-10-20 10:44:12
Rextie,3.359,3.389,2025-10-20 10:44:13
Cambio Seguro,3.358,3.385,2025-10-20 10:44:14
Cambia FX,3.364,3.382,2025-10-20 10:44:15
Cambio Digital,3.363,3.374,2025-10-20 10:44:17
Kambista,3.358,3.384,2025-10-20 11:44:12
Rextie,3.3575,3.3875,2025-10-20 11:44:13
Cambio Seguro,,,2025-10-20 11:44:14
Cambia FX,3.362,3.38,2025-10-20 11:44:15
Cambio Digital,3.365,3.375,2025-10-20 11:44:17
Kambista,3.362,3.386,2025-10-20 12:44:12
Rextie,3.3575,3.3865,2025-10-20 12:44:13
Cambio Seguro,3.358,3.385,2025-10-20 12:44:14
Cambia FX,3.367,3.385,2025-10-20 12:44:15
Cambio Digital,3.368,3.379,2025-10-20 12:44:16
Kambista,3.36,3.389,2025-10-20 13:44:12
Rextie,3.3565,3.3855,2025-10-20 13:44:13
Cambio Seguro,3.361,3.388,2025-10-20 13:44:14
Cambia FX,3.366,3.384,2025-10-20 13:44:15
Cambio Digital,3.365,3.379,2025-10-20 13:44:17
Kambista,3.361,3.391,2025-10-20 14:44:13
Rextie,3.359,3.389,2025-10-20 14:44:14
Cambio Seguro,3.361,3.388,2025-10-20 14:44:15
Cambia FX,3.367,3.387,2025-10-20 14:44:16
Cambio Digital,3.367,3.377,2025-10-20 14:44:18
Kambista,3.361,3.391,2025-10-20 15:44:12
Rextie,3.359,3.389,2025-10-20 15:44:13
Cambio Seguro,3.361,3.388,2025-10-20 15:44:14
Cambia FX,3.367,3.387,2025-10-20 15:44:15
Cambio Digital,3.369,3.376,2025-10-20 15:44:17
Kambista,3.361,3.391,2025-10-20 16:44:12
Rextie,3.359,3.389,2025-10-20 16:44:13
Cambio Seguro,3.361,3.388,2025-10-20 16:44:14
Cambia FX,3.367,3.387,2025-10-20 16:44:15
Cambio Digital,3.366,3.375,2025-10-20 16:44:16
Kambista,3.361,3.393,2025-10-20 17:44:12
Rextie,3.3575,3.3905,2025-10-20 17:44:13
Cambio Seguro,3.361,3.388,2025-10-20 17:44:14
Cambia FX,3.367,3.387,2025-10-20 17:44:15
Cambio Digital,3.366,3.375,2025-10-20 17:44:16
Kambista,3.358,3.395,2025-10-20 18:44:12
Rextie,3.3575,3.3905,2025-10-20 18:44:13
Cambio Seguro,3.361,3.388,2025-10-20 18:44:14
Cambia FX,3.367,3.387,2025-10-20 18:44:15
Cambio Digital,3.36,3.385,2025-10-20 18:44:16
Kambista,3.357,3.395,2025-10-20 19:44:12
Rextie,3.3575,3.3905,2025-10-20 19:44:13
Cambio Seguro,3.363,3.388,2025-10-20 19:44:14
Cambia FX,3.36,3.39,2025-10-20 19:44:14
Cambio Digital,3.36,3.385,2025-10-20 19:44:16
Kambista,3.357,3.395,2025-10-20 20:44:11
Rextie,3.3575,3.3905,2025-10-20 20:44:12
Cambio Seguro,3.363,3.388,2025-10-20 20:44:13
Cambia FX,3.36,3.39,2025-10-20 20:44:14
Cambio Digital,3.36,3.385,2025-10-20 20:44:16
Kambista,3.357,3.395,2025-10-20 21:44:12
Rextie,3.3575,3.3905,2025-10-20 21:44:13
Cambio Seguro,3.363,3.388,2025-10-20 21:44:13
Cambia FX,3.36,3.39,2025-10-20 21:44:14
Cambio Digital,3.36,3.385,2025-10-20 21:44:16
Kambista,3.357,3.395,2025-10-20 22:44:12
Rextie,3.3575,3.3905,2025-10-20 22:44:13
Cambio Seguro,3.363,3.388,2025-10-20 22:44:14
Cambia FX,3.36,3.39,2025-10-20 22:44:14
Cambio Digital,3.36,3.385,2025-10-20 22:44:16
Kambista,,,2025-10-21 08:57:54
Rextie,,,2025-10-21 08:57:54
Cambio Seguro,,,2025-10-21 08:57:54
Cambia FX,,,2025-10-21 08:57:54
Cambio Digital,,,2025-10-21 08:57:54
Kambista,3.369,3.393,2025-10-21 09:44:12
Rextie,3.3645,3.3925,2025-10-21 09:44:13
Cambio Seguro,3.365,3.395,2025-10-21 09:44:14
Cambia FX,3.371,3.389,2025-10-21 09:44:15
Cambio Digital,3.372,3.382,2025-10-21 09:44:17
Kambista,3.372,3.397,2025-10-21 10:44:12
Rextie,3.3705,3.3985,2025-10-21 10:44:13
Cambio Seguro,3.372,3.4,2025-10-21 10:44:14
Cambia FX,3.377,3.395,2025-10-21 10:44:15
Cambio Digital,3.378,3.386,2025-10-21 10:44:17
Kambista,3.377,3.4,2025-10-21 11:44:12
Rextie,3.376,3.401,2025-10-21 11:44:13
Cambio Seguro,3.375,3.402,2025-10-21 11:44:14
Cambia FX,3.382,3.4,2025-10-21 11:44:15
Cambio Digital,3.381,3.39,2025-10-21 11:44:16
Kambista,3.381,3.405,2025-10-21 12:44:12
Rextie,3.3805,3.4055,2025-10-21 12:44:13
Cambio Seguro,3.383,3.404,2025-10-21 12:44:14
Cambia FX,3.384,3.402,2025-10-21 12:44:15
Cambio Digital,3.389,3.396,2025-10-21 12:44:16
Kambista,3.377,3.405,2025-10-21 13:44:12
Rextie,3.3755,3.4025,2025-10-21 13:44:13
Cambio Seguro,3.377,3.404,2025-10-21 13:44:14
Cambia FX,3.383,3.401,2025-10-21 13:44:14
Cambio Digital,3.385,3.396,2025-10-21 13:44:16
Kambista,,,2025-10-21 19:16:37
Rextie,,,2025-10-21 19:16:37
Cambio Seguro,,,2025-10-21 19:16:37
Cambia FX,,,2025-10-21 19:16:37
Cambio Digital,,,2025-10-21 19:16:37
Kambista,3.371,3.411,2025-10-21 19:44:13
Rextie,3.3755,3.4065,2025-10-21 19:44:14
Cambio Seguro,3.376,3.398,2025-10-21 19:44:15
Cambia FX,3.377,3.407,2025-10-21 19:44:16
Cambio Digital,3.38,3.399,2025-10-21 19:44:18
Kambista,3.371,3.411,2025-10-21 20:44:12
Rextie,3.3755,3.4065,2025-10-21 20:44:13
Cambio Seguro,3.376,3.398,2025-10-21 20:44:14
Cambia FX,3.377,3.407,2025-10-21 20:44:15
Cambio Digital,3.38,3.399,2025-10-21 20:44:17
Kambista,3.371,3.411,2025-10-21 21:44:12
Rextie,3.3755,3.4065,2025-10-21 21:44:13
Cambio Seguro,3.376,3.398,2025-10-21 21:44:14
Cambia FX,3.377,3.407,2025-10-21 21:44:15
Cambio Digital,3.38,3.399,2025-10-21 21:44:17
Kambista,3.371,3.411,2025-10-21 22:44:12
Rextie,3.3755,3.4065,2025-10-21 22:44:13
Cambio Seguro,3.376,3.398,2025-10-21 22:44:14
Cambia FX,3.377,3.407,2025-10-21 22:44:14
Cambio Digital,3.38,3.399,2025-10-21 22:44:16
Kambista,,,2025-10-22 06:12:10
Rextie,,,2025-10-22 06:12:10
Cambio Seguro,,,2025-10-22 06:12:10
Cambia FX,,,2025-10-22 06:12:10
Cambio Digital,,,2025-10-22 06:12:10
Kambista,,,2025-10-22 08:14:24
Rextie,,,2025-10-22 08:14:24
Cambio Seguro,,,2025-10-22 08:14:24
Cambia FX,,,2025-10-22 08:14:24
Cambio Digital,,,2025-10-22 08:14:24
Kambista,3.371,3.411,2025-10-22 08:44:12
Rextie,3.3665,3.4115,2025-10-22 08:44:13
Cambio Seguro,3.376,3.398,2025-10-22 08:44:14
Cambia FX,3.377,3.407,2025-10-22 08:44:15
Cambio Digital,3.382,3.399,2025-10-22 08:44:16
Kambista,,,2025-10-22 09:54:36
Rextie,,,2025-10-22 09:54:36
Cambio Seguro,,,2025-10-22 09:54:36
Cambia FX,,,2025-10-22 09:54:36
Cambio Digital,,,2025-10-22 09:54:36
Kambista,,,2025-10-22 11:17:00
Rextie,,,2025-10-22 11:17:00
Cambio Seguro,,,2025-10-22 11:17:00
Cambia FX,,,2025-10-22 11:17:00
Cambio Digital,,,2025-10-22 11:17:00
Kambista,3.389,3.414,2025-10-22 11:44:12
Rextie,3.3875,3.4155,2025-10-22 11:44:13
Cambio Seguro,3.384,3.413,2025-10-22 11:44:14
Cambia FX,3.394,3.412,2025-10-22 11:44:15
Cambio Digital,3.396,3.403,2025-10-22 11:44:17
Kambista,3.394,3.418,2025-10-22 12:44:12
Rextie,3.392,3.42,2025-10-22 12:44:13
Cambio Seguro,3.394,3.422,2025-10-22 12:44:14
Cambia FX,3.396,3.416,2025-10-22 12:44:15
Cambio Digital,3.402,3.409,2025-10-22 12:44:16
Kambista,,,2025-10-22 13:47:06
Rextie,,,2025-10-22 13:47:06
Cambio Seguro,,,2025-10-22 13:47:06
Cambia FX,,,2025-10-22 13:47:06
Cambio Digital,,,2025-10-22 13:47:06
Kambista,3.396,3.424,2025-10-22 14:44:14
Rextie,3.391,3.425,2025-10-22 14:44:14
Cambio Seguro,3.394,3.422,2025-10-22 14:44:15
Cambia FX,3.396,3.419,2025-10-22 14:44:16
Cambio Digital,3.4,3.409,2025-10-22 14:44:17
Kambista,3.395,3.424,2025-10-22 15:44:12
Rextie,3.391,3.425,2025-10-22 15:44:13
Cambio Seguro,3.39,3.419,2025-10-22 15:44:13
Cambia FX,3.396,3.419,2025-10-22 15:44:14
Cambio Digital,3.401,3.407,2025-10-22 15:44:15
Kambista,3.394,3.422,2025-10-22 16:44:12
Rextie,3.391,3.425,2025-10-22 16:44:12
Cambio Seguro,3.39,3.419,2025-10-22 16:44:13
Cambia FX,3.391,3.418,2025-10-22 16:44:14
Cambio Digital,3.399,3.406,2025-10-22 16:44:15
Kambista,3.39,3.425,2025-10-22 17:44:12
Rextie,3.391,3.425,2025-10-22 17:44:12
Cambio Seguro,3.39,3.419,2025-10-22 17:44:13
Cambia FX,3.391,3.418,2025-10-22 17:44:14
Cambio Digital,3.398,3.406,2025-10-22 17:44:15
Kambista,3.39,3.425,2025-10-22 18:44:12
Rextie,3.392,3.426,2025-10-22 18:44:13
Cambio Seguro,3.388,3.413,2025-10-22 18:44:13
Cambia FX,3.39,3.418,2025-10-22 18:44:14
Cambio Digital,3.394,3.415,2025-10-22 18:44:15
Kambista,,,2025-10-22 19:54:18
Rextie,,,2025-10-22 19:54:18
Cambio Seguro,,,2025-10-22 19:54:18
Cambia FX,,,2025-10-22 19:54:18
Cambio Digital,,,2025-10-22 19:54:18
Kambista,3.39,3.427,2025-10-22 20:44:12
Rextie,3.392,3.426,2025-10-22 20:44:12
Cambio Seguro,3.39,3.423,2025-10-22 20:44:13
Cambia FX,3.39,3.423,2025-10-22 20:44:14
Cambio Digital,3.394,3.415,2025-10-22 20:44:15
Kambista,3.39,3.427,2025-10-22 21:44:11
Rextie,3.392,3.426,2025-10-22 21:44:12
Cambio Seguro,3.39,3.423,2025-10-22 21:44:13
Cambia FX,3.39,3.423,2025-10-22 21:44:13
Cambio Digital,3.394,3.415,2025-10-22 21:44:14
Kambista,3.39,3.427,2025-10-22 22:44:12
Rextie,3.392,3.426,2025-10-22 22:44:12
Cambio Seguro,3.39,3.423,2025-10-22 22:44:13
Cambia FX,3.39,3.423,2025-10-22 22:44:14
Cambio Digital,3.394,3.415,2025-10-22 22:44:15
Kambista,3.39,3.427,2025-10-22 23:44:14
Rextie,3.392,3.426,2025-10-22 23:44:14
Cambio Seguro,3.39,3.423,2025-10-22 23:44:15
Cambia FX,3.39,3.423,2025-10-22 23:44:16
Cambio Digital,3.394,3.415,2025-10-22 23:44:17
Kambista,3.39,3.427,2025-10-23 00:44:12
Rextie,3.392,3.426,2025-10-23 00:44:12
Cambio Seguro,3.39,3.423,2025-10-23 00:44:13
Cambia FX,3.39,3.423,2025-10-23 00:44:14
Cambio Digital,3.394,3.415,2025-10-23 00:44:15
Kambista,3.39,3.427,2025-10-23 01:44:12
Rextie,3.392,3.426,2025-10-23 01:44:12
Cambio Seguro,3.39,3.423,2025-10-23 01:44:13
Cambia FX,3.39,3.423,2025-10-23 01:44:14
Cambio Digital,3.394,3.415,2025-10-23 01:44:15
Kambista,,,2025-10-23 09:42:27
Rextie,,,2025-10-23 09:42:27
Cambio Seguro,,,2025-10-23 09:42:27
Cambia FX,,,2025-10-23 09:42:27
Cambio Digital,,,2025-10-23 09:42:27
Kambista,3.382,3.41,2025-10-23 09:44:12
Rextie,3.38,3.41,2025-10-23 09:44:12
Cambio Seguro,3.382,3.419,2025-10-23 09:44:13
Cambia FX,3.385,3.405,2025-10-23 09:44:13
Cambio Digital,3.393,3.401,2025-10-23 09:44:14
Kambista,3.382,3.407,2025-10-23 10:44:11
Rextie,3.381,3.407,2025-10-23 10:44:12
Cambio Seguro,3.384,3.408,2025-10-23 10:44:13
Cambia FX,3.386,3.404,2025-10-23 10:44:13
Cambio Digital,3.39,3.397,2025-10-23 10:44:14
Kambista,,,2025-10-23 11:59:54
Rextie,,,2025-10-23 11:59:54
Cambio Seguro,,,2025-10-23 11:59:54
Cambia FX,,,2025-10-23 11:59:54
Cambio Digital,,,2025-10-23 11:59:54
Kambista,3.381,3.405,2025-10-23 12:44:11
Rextie,3.381,3.407,2025-10-23 12:44:12
Cambio Seguro,3.381,3.405,2025-10-23 12:44:13
Cambia FX,3.386,3.402,2025-10-23 12:44:13
Cambio Digital,3.391,3.397,2025-10-23 12:44:14
Kambista,,,2025-10-23 14:05:25
Rextie,,,2025-10-23 14:05:25
Cambio Seguro,,,2025-10-23 14:05:25
Cambia FX,,,2025-10-23 14:05:25
Cambio Digital,,,2025-10-23 14:05:25
Kambista,3.374,3.402,2025-10-23 14:44:11
Rextie,3.374,3.404,2025-10-23 14:44:12
Cambio Seguro,3.377,3.402,2025-10-23 14:44:12
Cambia FX,3.383,3.402,2025-10-23 14:44:13
Cambio Digital,3.384,3.395,2025-10-23 14:44:14
Kambista,3.374,3.402,2025-10-23 15:44:11
Rextie,3.374,3.404,2025-10-23 15:44:12
Cambio Seguro,3.377,3.402,2025-10-23 15:44:13
Cambia FX,3.383,3.402,2025-10-23 15:44:13
Cambio Digital,3.388,3.394,2025-10-23 15:44:14
Kambista,,,2025-10-23 18:30:14
Rextie,,,2025-10-23 18:30:14
Cambio Seguro,,,2025-10-23 18:30:14
Cambia FX,,,2025-10-23 18:30:14
Cambio Digital,,,2025-10-23 18:30:14
Kambista,3.37,3.408,2025-10-23 18:44:13
Rextie,3.3725,3.4055,2025-10-23 18:44:14
Cambio Seguro,3.376,3.401,2025-10-23 18:44:14
Cambia FX,3.383,3.402,2025-10-23 18:44:15
Cambio Digital,3.38,3.4,2025-10-23 18:44:16
Kambista,3.37,3.408,2025-10-23 19:44:11
Rextie,3.3725,3.4055,2025-10-23 19:44:12
Cambio Seguro,3.376,3.401,2025-10-23 19:44:12
Cambia FX,3.376,3.406,2025-10-23 19:44:13
Cambio Digital,3.38,3.4,2025-10-23 19:44:14
Kambista,,,2025-10-23 21:25:34
Rextie,,,2025-10-23 21:25:34
Cambio Seguro,,,2025-10-23 21:25:34
Cambia FX,,,2025-10-23 21:25:34
Cambio Digital,,,2025-10-23 21:25:34
Kambista,3.37,3.408,2025-10-23 21:44:11
Rextie,3.3725,3.4055,2025-10-23 21:44:12
Cambio Seguro,3.376,3.401,2025-10-23 21:44:13
Cambia FX,3.376,3.406,2025-10-23 21:44:13
Cambio Digital,3.38,3.4,2025-10-23 21:44:14
Kambista,,,2025-10-23 22:45:01
Rextie,,,2025-10-23 22:45:01
Cambio Seguro,,,2025-10-23 22:45:01
Cambia FX,,,2025-10-23 22:45:01
Cambio Digital,,,2025-10-23 22:45:01
Kambista,,,2025-10-24 07:46:56
Rextie,,,2025-10-24 07:46:56
Cambio Seguro,,,2025-10-24 07:46:56
Cambia FX,,,2025-10-24 07:46:56
Cambio Digital,,,2025-10-24 07:46:56
Kambista,3.37,3.408,2025-10-24 08:44:11
Rextie,3.3705,3.4125,2025-10-24 08:44:12
Cambio Seguro,3.37,3.41,2025-10-24 08:44:13
Cambia FX,3.376,3.406,2025-10-24 08:44:14
Cambio Digital,3.38,3.4,2025-10-24 08:44:15
Kambista,,,2025-10-24 11:37:11
Rextie,,,2025-10-24 11:37:11
Cambio Seguro,,,2025-10-24 11:37:11
Cambia FX,,,2025-10-24 11:37:11
Cambio Digital,,,2025-10-24 11:37:11
Kambista,3.367,3.391,2025-10-24 11:44:11
Rextie,3.363,3.393,2025-10-24 11:44:12
Cambio Seguro,3.362,3.389,2025-10-24 11:44:13
Cambia FX,3.372,3.39,2025-10-24 11:44:14
Cambio Digital,3.377,3.385,2025-10-24 11:44:16
Kambista,3.368,3.392,2025-10-24 11:59:49
Rextie,3.3625,3.3925,2025-10-24 11:59:50
Cambio Seguro,3.362,3.389,2025-10-24 11:59:51
Cambia FX,3.374,3.392,2025-10-24 11:59:52
Cambio Digital,3.375,3.384,2025-10-24 11:59:54
